﻿<?xml version="1.0" encoding="UTF-8"?>
<cockatrice_carddatabase version="3">
<cards>

<card>
 <name>Lowborn</name>
 <set picURL="KOS/Lowborn.full.jpg" picURLHq="" picURLSt="">KOS</set>
 <color>W</color>
 <type>Token Creature - Lowborn </type>
 <pt>1/1</pt>
 <tablerow>2</tablerow>
 <text></text>
 <token>1</token>
</card>
<card>
 <name>Soldier</name>
 <set picURL="KOS/Soldier.full.jpg" picURLHq="" picURLSt="">KOS</set>
 <color>W</color>
 <type>Creature - Soldier </type>
 <pt>1/1</pt>
 <tablerow>2</tablerow>
 <text></text>
 <token>1</token>
</card>
<card>
 <name>Bird</name>
 <set picURL="KOS/Bird.full.jpg" picURLHq="" picURLSt="">KOS</set>
 <color>U</color>
 <type>Token Creature - Bird </type>
 <pt>1/1</pt>
 <tablerow>2</tablerow>
 <text>Flying
At the beginning of your end step sacrifice this creature to return a creature exiled with Saul’s Escape to the battlefield under its owner’s control.</text>
 <token>1</token>
</card>
<card>
 <name>Corpse</name>
 <set picURL="KOS/Corpse.full.jpg" picURLHq="" picURLSt="">KOS</set>
 <color>B</color>
 <type>Token Creature - Corpse </type>
 <pt>0/1</pt>
 <tablerow>2</tablerow>
 <text>At the beginning of your upkeep you may pay 2 to sacrifice this creature. If you don’t, lose 1 life and put a -1/-1 counter on a non-corpse creature you control.</text>
 <token>1</token>
</card>
<card>
 <name>Mob</name>
 <set picURL="KOS/Mob.full.jpg" picURLHq="" picURLSt="">KOS</set>
 <color>B</color>
 <type>Creature - Human </type>
 <pt>1/1</pt>
 <tablerow>2</tablerow>
 <text></text>
 <token>1</token>
</card>
<card>
 <name>Hillfolk</name>
 <set picURL="KOS/Hillfolk.full.jpg" picURLHq="" picURLSt="">KOS</set>
 <color>R</color>
 <type>Creature - Hillfolk Barbarian </type>
 <pt></pt>
 <tablerow>2</tablerow>
 <text>Sturdy 1— R (At the beginning of the end step, if it was blocked this turn  its controller may pay R to put one +1/+1 counters on it.)</text>
 <token>1</token>
</card>
<card>
 <name>Bear</name>
 <set picURL="KOS/Bear.full.jpg" picURLHq="" picURLSt="">KOS</set>
 <color>G</color>
 <type>Creature - Bear </type>
 <pt>2/2</pt>
 <tablerow>2</tablerow>
 <text></text>
 <token>1</token>
</card>
<card>
 <name>Forest Spirit</name>
 <set picURL="KOS/Forest Spirit.full.jpg" picURLHq="" picURLSt="">KOS</set>
 <color>G</color>
 <type>Creature - Spirit </type>
 <pt>2/2</pt>
 <tablerow>2</tablerow>
 <text>Forestwalk (This creature can’t be blocked as long as defending player controls a Forest.)</text>
 <token>1</token>
</card>
<card>
 <name>Tradiinite</name>
 <set picURL="KOS/Tradiinite.full.jpg" picURLHq="" picURLSt="">KOS</set>
 <color>G</color>
 <type>Creature - Tradiinite </type>
 <pt></pt>
 <tablerow>2</tablerow>
 <text>T: Add G</text>
 <token>1</token>
</card>

</cards>
</cockatrice_carddatabase>